employee_id,first_name,last_name,date_of_birth,gender,hire_date,department_id,position,email,phone,address
1,Andrea,Fritz,1964-04-14,Female,2014-09-14,2,HR Manager,rachael17@example.org,8244270794755,"45333 Ortiz Bridge Suite 429
North Martin, WA 19516"
2,David,Sutton,1994-10-25,Male,2018-02-18,2,Software Engineer,briannajackson@example.net,77935115560596,"191 David Row Apt. 592
East Edwinland, PR 56120"
3,Douglas,Peck,1988-05-25,Female,2021-11-01,1,Financial Analyst,karenburch@example.org,636502996596184,"907 Norris Manor
New Deborah, WI 83616"
4,Brian,Arnold,1970-07-15,Female,2019-05-30,5,Software Engineer,amy36@example.org,838749313932808,"23734 Rogers Row
Lake Jessica, VI 94443"
5,Kyle,Owens,1997-01-21,Male,2024-02-20,4,Marketing Specialist,jeffrey68@example.net,64064723364765,"42386 Campbell Creek
New Shannon, VA 95946"
6,Laura,Young,1994-09-09,Male,2016-10-18,4,Software Engineer,kaitlynedwards@example.org,5288114730,"501 Jeffery Shoals Apt. 762
West James, FM 01067"
7,Kim,Rodriguez,2002-01-04,Male,2017-09-06,3,Software Engineer,johnsonpenny@example.net,20577434495727,"PSC 5930, Box 1344
APO AA 13517"
8,James,Conway,1979-12-25,Male,2019-04-08,5,HR Manager,derrick05@example.org,848548298927388,"02403 Bryan Meadows
Bowmanside, NM 82277"
9,David,Garza,1986-01-31,Male,2021-05-20,1,Sales Representative,phillip29@example.net,2256203900,"6185 Daniel Mountains
Davisport, MP 40171"
10,Joshua,Barnes,1978-09-12,Male,2022-08-17,3,Software Engineer,gaydouglas@example.org,82140623502012,"3696 Dawn Run
South Allisonburgh, TX 19060"
11,Stephen,Horton,1985-02-10,Female,2022-06-23,4,Marketing Specialist,stevensbreanna@example.org,14318128190425,"23535 Henry Square Apt. 902
South Alejandro, SC 57956"
12,Alexander,Kennedy,1985-10-25,Female,2022-08-28,5,Financial Analyst,aarias@example.org,0014092411025176,"764 Hunter Lodge
East Michael, WV 82864"
13,Jacob,Small,1976-01-30,Female,2019-06-07,5,Financial Analyst,joseph08@example.net,979236651084310,"2368 Martinez Cliffs
Karenview, GA 42557"
14,Lisa,Fisher,1999-07-11,Male,2021-08-30,1,Sales Representative,ashley15@example.net,2937905167,"USNV York
FPO AP 24417"
15,Jesus,Bentley,2001-05-17,Male,2015-10-08,3,HR Manager,brianthompson@example.net,8278294850,"3314 Tony Forest
Port Jenniferside, NC 20488"
16,Amy,Russell,1967-01-04,Female,2024-07-27,4,Marketing Specialist,austinjacob@example.org,0012893833042170,"805 Green Highway
Port Ronaldchester, IN 22954"
17,Andrea,Jones,1988-04-30,Female,2019-01-13,3,Marketing Specialist,taylor95@example.com,3462880144,"9998 Smith Union
New Brentside, AK 81117"
18,Crystal,Grant,1986-02-12,Female,2019-03-26,2,Sales Representative,michael14@example.net,2794460784,"8715 Jermaine Overpass
Jonesport, ID 25614"
19,Jenna,Jones,1975-05-11,Female,2016-06-10,4,Sales Representative,bgriffin@example.net,641396451814032,"9792 Powers Forks
Whiteburgh, MN 40373"
20,April,Downs,1975-12-31,Male,2016-04-03,5,Marketing Specialist,dmorgan@example.org,383216458137233,"334 Burns Rest Suite 031
Morrisonton, ME 24704"
21,Alicia,Patterson,1994-09-14,Female,2017-06-20,1,HR Manager,qallen@example.com,6737615417,"952 Carter Prairie
Gonzalesbury, MS 05566"
22,Samantha,Wise,1980-11-10,Male,2018-09-23,5,Financial Analyst,karen74@example.com,7869880247,"625 Deanna Extensions Suite 853
North Amy, MD 51246"
23,Alexandria,Miller,1979-11-03,Male,2020-05-11,3,Sales Representative,nataliealexander@example.com,5276879731,"37172 Murphy Expressway
East Lisa, PA 70282"
24,Joshua,Byrd,1982-07-30,Female,2021-03-28,1,Software Engineer,jeffery04@example.org,6214245179,"07129 Robert Burgs
Gabrielmouth, AL 61325"
25,Ashley,Weaver,1981-08-26,Male,2023-05-27,1,Financial Analyst,harrisonjose@example.net,4427579165,"7378 Ward Haven
Gregorytown, MP 38874"
26,Rachel,Colon,2001-06-12,Male,2015-08-13,5,Marketing Specialist,parkergregory@example.org,13929426962958,"841 Crystal Court
Port Jamesport, KS 77042"
27,Jorge,Martin,1990-03-02,Female,2017-12-04,5,Marketing Specialist,franklinheather@example.org,7334918463,"501 Abigail Stravenue
East Christopher, NY 55214"
28,Darrell,Webb,1975-03-31,Male,2015-08-31,3,Software Engineer,allisongiles@example.net,00170894391199719,"21383 White Prairie Apt. 504
Lake Alexanderside, GA 93523"
29,Lisa,Webb,1988-03-01,Female,2014-10-26,5,HR Manager,danielsmary@example.com,180561858266193,"360 Rodriguez Crossing Suite 405
Kingport, NH 75711"
30,Johnathan,Hopkins,1988-02-12,Male,2018-01-28,1,Marketing Specialist,petersscott@example.net,5253043763,"2012 Baird Row Suite 046
New Jennifer, OK 56998"
31,Jennifer,Bailey,1981-01-29,Male,2017-05-15,5,Software Engineer,patrickchapman@example.org,26459636283448,"680 Brian Fort
North Jasmine, NM 98042"
32,Cindy,Ortiz,1978-08-21,Male,2019-03-12,5,Sales Representative,john74@example.org,720210037729182,"6681 Greg Parks Apt. 332
North Leslieview, ID 68286"
33,Arthur,Herrera,1967-05-10,Male,2023-02-24,5,Sales Representative,chapmancourtney@example.com,1446628105672875,"4451 Linda Crest
Amberfort, SD 37457"
34,Justin,Banks,1963-10-01,Female,2015-12-30,4,Financial Analyst,martinezmark@example.org,5407432794,"564 Peterson Forges
South Brandon, RI 64571"
35,Catherine,Kline,1994-11-01,Male,2016-12-21,3,Marketing Specialist,rodneygray@example.org,3304504626,"9168 Timothy Divide
Robertfurt, SD 39955"
36,Dana,Smith,1964-04-04,Female,2015-07-30,5,Marketing Specialist,stephensdaniel@example.com,001413278339824106,"02093 Craig Wall
West Rachelchester, PA 91287"
37,Lance,Fernandez,1996-08-20,Male,2019-01-22,3,Software Engineer,joshuawilson@example.com,4695805392,"2482 Ashley Harbor Apt. 949
West Victoria, DC 39913"
38,Joshua,Morrison,1973-11-02,Female,2020-05-12,5,Sales Representative,shieldskathryn@example.net,394910744790628,"355 Craig Terrace Apt. 544
Carolynburgh, OR 49457"
39,Edward,Carroll,1983-06-08,Female,2014-09-28,5,Software Engineer,travis82@example.net,6577911691,"42916 Miller View
West Karenshire, CO 17167"
40,Lisa,Gomez,1981-01-15,Male,2024-07-03,5,Sales Representative,fwatson@example.org,14739726986611,"USNS Alexander
FPO AA 94014"
41,Steven,Ellison,1971-03-04,Male,2016-10-07,5,Sales Representative,robert20@example.org,2402977774,"298 Andrew Terrace
South Jason, IA 99366"
42,Christopher,Hughes,1994-11-01,Female,2019-04-11,4,HR Manager,kevin21@example.net,0019336678463178,"9149 Skinner Lakes Apt. 636
South Michaelland, WI 64737"
43,Dean,Farmer,2001-09-12,Male,2014-11-23,3,HR Manager,gkane@example.com,0019954936918,"6698 Tamara Mews Apt. 122
Johnmouth, MA 69071"
44,Sarah,Young,1963-12-27,Male,2016-07-12,2,Financial Analyst,jeffery85@example.net,4074147878,"Unit 5808 Box 2474
DPO AP 72920"
45,Matthew,Mosley,2002-05-19,Female,2020-10-24,5,Marketing Specialist,ellisjohn@example.org,6496753805961,"047 James Parks Suite 489
East Valerie, HI 34933"
46,Brooke,Medina,1993-06-17,Female,2021-12-18,2,Sales Representative,pittsthomas@example.org,0017258359024839,"78765 Courtney Mill Suite 358
Gregoryview, TN 52280"
47,Andrea,Diaz,1971-05-09,Male,2020-08-05,5,HR Manager,hdominguez@example.org,1521417524059761,"63006 Shannon Turnpike Suite 005
Dukeside, RI 61108"
48,Jade,Mcclure,1988-08-13,Female,2019-11-30,5,Sales Representative,lopezstanley@example.com,6678938143,"43768 Perez Heights Apt. 979
Kellyburgh, GU 57559"
49,Jennifer,Hughes,1995-11-07,Female,2018-11-22,2,Software Engineer,nberg@example.org,99234581202460,"USNS Barnett
FPO AE 43803"
50,Anna,Ibarra,1981-04-14,Female,2018-05-09,5,Sales Representative,jennifer80@example.org,0014346659030,"265 John Points Suite 867
Cunninghamborough, MH 98128"
51,Aaron,Martinez,1972-04-06,Male,2015-11-08,1,Marketing Specialist,mooredebra@example.org,6492116288,"51895 Lang Harbors Suite 375
Danielville, MD 38164"
52,Gabriel,Tucker,1991-03-01,Female,2016-06-10,5,Sales Representative,drakebrian@example.com,174025081920437,"7758 Joshua Terrace
South Andrew, OH 96976"
53,Sarah,Allen,1984-05-22,Female,2019-09-28,2,Sales Representative,torresedward@example.com,814841450344395,"69607 Rivera Port
Clinestad, VT 78375"
54,Kristina,Hall,1970-06-25,Male,2024-06-21,4,Marketing Specialist,thompsonrandy@example.org,2015467108,"2168 Miller Knolls Apt. 913
Laurenton, SD 71435"
55,Brad,Shepard,1994-08-15,Female,2017-11-14,5,Sales Representative,ahall@example.net,001854447724898034,"24902 Henderson Plain
Christineport, AZ 01082"
56,Leslie,Patel,1987-01-28,Male,2021-04-21,4,Sales Representative,phillipschristopher@example.net,77099512058084,"67523 Smith Inlet
Lake Brentton, GU 25031"
57,Edward,Wilson,1994-08-18,Female,2020-10-19,4,HR Manager,henrychristopher@example.org,7776976526,"9871 Trevor Manors Apt. 035
Jonesfurt, OK 87489"
58,Jason,Perez,2001-10-28,Female,2018-08-13,1,Software Engineer,matthewwood@example.net,00156735265566393,"80600 Edwards Circle
East Samuel, RI 57822"
59,William,Bean,1970-06-12,Male,2019-11-14,3,Software Engineer,albertgreen@example.net,66237112980695,"Unit 1639 Box 2152
DPO AP 54451"
60,Todd,Lewis,1967-08-05,Male,2020-08-08,4,Sales Representative,qharper@example.com,9872310870,"15001 Russell Roads
Lake Ruth, MA 59580"
61,Tammy,Carrillo,1992-12-20,Male,2015-05-30,5,Software Engineer,sjarvis@example.net,0012652201827,"USCGC Hodges
FPO AA 05598"
62,Michael,Ray,1981-07-30,Female,2018-12-08,4,HR Manager,shannonwu@example.net,1788328620740983,"64340 Becker Square
North Samuel, DC 82177"
63,Megan,Hawkins,1991-04-20,Male,2017-11-23,1,Marketing Specialist,bradleykaren@example.net,7517686292,"645 Ryan Knolls
South Martinshire, MP 20550"
64,Bobby,Brewer,1983-06-16,Female,2015-01-25,4,Financial Analyst,ariasloretta@example.com,5876295287,"310 Smith Path Suite 846
East Stephanieside, CT 60880"
65,Jimmy,Cooper,1964-12-15,Female,2020-02-22,5,Sales Representative,nguyenduane@example.com,43637654224466,"6712 Jackson Knoll
North Barry, IA 85586"
66,Brandon,Johnson,1969-11-08,Male,2016-06-15,2,Financial Analyst,rachelrodriguez@example.com,1665210216381451,"159 Hayes Spring Apt. 298
Arieltown, NJ 34919"
67,Tyler,Pugh,1980-03-11,Female,2018-11-18,4,Financial Analyst,vstanley@example.net,7339653086,"178 Gary Run Suite 310
Port Nicholas, WA 09330"
68,Glenn,Bishop,1963-09-17,Female,2018-09-05,3,Marketing Specialist,ramseyronald@example.com,6993477520,"072 Gamble Rest Suite 586
Pamelastad, RI 58341"
69,Audrey,Barrett,1973-06-05,Female,2016-07-12,1,Sales Representative,browndouglas@example.com,44939589524255,"79611 Hicks Drive
Lake Brenda, AL 68909"
70,Derek,Riggs,1988-09-13,Male,2022-06-17,3,Financial Analyst,cjones@example.com,9363063094,"36716 Parker Motorway
Port Angela, DC 77687"
71,Sarah,Brock,1970-08-27,Female,2014-10-22,1,Marketing Specialist,donaldcruz@example.com,0015072249111850,"94056 Dean Hollow Apt. 995
Marquezfurt, WA 36764"
72,Larry,Santos,2001-07-08,Female,2016-09-07,2,HR Manager,kenneth38@example.org,3547585764,"46183 Michelle Mills Suite 482
Lake Emily, GU 97362"
73,Katrina,Taylor,1989-07-09,Male,2023-12-12,3,HR Manager,suegould@example.net,32261881573199,"364 Adam Brooks
Murphyfort, DC 20184"
74,Chelsea,Lee,1971-03-16,Female,2022-11-04,2,HR Manager,amy21@example.net,34567250970812,"7407 Ferguson Spring
North Kevin, AL 23707"
75,Judy,Harper,1965-11-06,Female,2021-06-24,4,Financial Analyst,gilbertchristian@example.com,3975965463,"039 Julie Trace Suite 346
New Donna, MH 80331"
76,Audrey,Thompson,1964-02-03,Female,2024-01-11,2,Sales Representative,qcarr@example.com,0018664102302540,"223 Cooper Forest
Port Justinhaven, MA 98499"
77,April,Le,1996-10-26,Male,2023-02-10,2,Financial Analyst,ujones@example.org,515643075841205,"115 Chelsea Village Apt. 355
New April, VT 82374"
78,Thomas,Smith,1986-05-19,Male,2015-01-30,4,Software Engineer,jobrien@example.org,34627647558044,"53362 Amy Squares
West Jamesstad, CA 56867"
79,James,Rivera,1991-04-13,Female,2020-06-17,3,Sales Representative,marcus01@example.org,5693929642,"763 Jennifer Roads
North Arthur, ND 16638"
80,Megan,Perez,2002-06-12,Male,2020-10-28,2,HR Manager,mcdanieljoel@example.net,0017854224969161,"75712 Rojas Corner Apt. 854
North Robert, AK 50512"
81,Jenna,Cole,1969-07-19,Female,2020-11-08,5,Sales Representative,acortez@example.net,966394644857132,"992 Dawn Island
Meganbury, MO 88614"
82,Michael,Spence,1998-12-19,Female,2019-06-19,3,Financial Analyst,tholt@example.org,2892381752247,"996 Tucker Bridge Suite 829
Craigborough, NE 45957"
83,Mary,Santana,1986-04-29,Male,2016-03-23,3,Sales Representative,tiffanyjohnson@example.org,2148826668761,"39960 Megan Key Suite 671
Maychester, NJ 72549"
84,Monica,Krause,1989-10-30,Female,2023-08-27,3,Marketing Specialist,mannsandy@example.net,001630887457829629,"3237 Webb Corners Suite 234
Melissamouth, MS 92490"
85,Lauren,Craig,1991-02-12,Male,2022-04-20,1,Financial Analyst,bburns@example.net,9816200514430,"51655 Joseph Fork
East Kurt, GA 74570"
86,Charles,Brown,1999-11-26,Female,2021-11-06,2,Software Engineer,pallen@example.org,001509792369140553,"641 Watson Rest Apt. 229
Allenland, SD 43029"
87,Christopher,Luna,1965-01-06,Female,2022-08-26,3,HR Manager,tara64@example.com,00156075982834128,"3711 Wilson Roads Suite 247
Harrisonton, VT 37273"
88,Stephanie,Brown,1985-04-19,Male,2021-06-20,3,Marketing Specialist,matthew46@example.com,611438614265369,"720 Bass Walks Apt. 097
North Stephanieland, OR 18418"
89,Zachary,Ball,1969-09-15,Female,2017-01-06,5,Sales Representative,jessica89@example.org,00155568580424457,"6308 Kenneth Bypass
Leeburgh, MN 32193"
90,Travis,Mcmillan,1987-04-07,Female,2017-04-16,1,Financial Analyst,hthomas@example.net,31276426639151,"064 Jackson Via Suite 579
Annaborough, PW 87277"
91,William,Mills,1991-07-11,Female,2016-10-31,5,Software Engineer,abaird@example.net,0017418334864,"5924 Moore Ridge
Port Kristystad, WI 60167"
92,Randall,Elliott,1999-02-13,Male,2014-10-14,5,Sales Representative,smithhannah@example.net,9519759594,"1487 Ryan Locks
Jonesmouth, AR 19920"
93,Robert,Fritz,1990-03-12,Female,2018-02-26,3,Sales Representative,meganaustin@example.org,71332703078542,"08508 William Drive Apt. 147
Johnsonchester, AS 82432"
94,Melvin,Harris,1977-08-19,Male,2016-08-31,2,HR Manager,elaine70@example.com,7169784474658,"5867 Jacob Place Suite 398
North Karen, NE 44702"
95,Shawn,Berg,1998-11-21,Male,2017-02-14,1,Financial Analyst,james47@example.com,6322746658246,"01477 Raymond Stravenue
Jamesside, MD 58216"
96,Andres,Garza,1995-05-10,Male,2024-06-09,3,Financial Analyst,marieescobar@example.org,00167989849350668,"0301 Ingram Greens
West Nicholasland, MS 11284"
97,David,Bradley,1997-03-11,Male,2019-08-04,3,HR Manager,lawsonjacob@example.net,14176724444851,"7172 Miller Prairie Suite 097
Sarashire, DC 92479"
98,Joseph,Dominguez,1968-10-29,Male,2020-12-26,2,HR Manager,lesliesimpson@example.net,00187050929814817,"79025 Robin Trail
South Wesley, DC 17373"
99,Matthew,Burns,1969-11-23,Male,2021-08-17,2,Financial Analyst,xatkinson@example.net,8025690998,"461 Dawson Trafficway Suite 076
West Amanda, NY 82976"
100,Sherry,Stanley,1996-05-24,Female,2019-03-06,5,HR Manager,pmiller@example.org,649743816164951,"868 Young Mountains Apt. 312
New John, ID 61701"
